<?xml version="1.0"?>
<LoadunloadCmd xmlns:xsi="http://www.w3.org/2001/XMLSchema-instance" xmlns:xsd="http://www.w3.org/2001/XMLSchema">
  <CmdText>BtoB</CmdText>
  <StartAddress>B</StartAddress>
  <EndAddress>B</EndAddress>
  <CmdId>Cmd001</CmdId>
  <CstId>CA0070</CstId>
  <ActType>Loadunload</ActType>
  <GuideSectionsStartToLoad />
  <GuideAddressesStartToLoad> 
  </GuideAddressesStartToLoad>
  <LoadAdr>20013</LoadAdr>
  <GuideSectionsToDestination />
  <GuideAddressesToDestination>
  </GuideAddressesToDestination>
  <DestinationAdr>20013</DestinationAdr>
  <SecDistance>100</SecDistance>
</LoadunloadCmd>